chr,pos_hg38,pos_hg38,rsID,pos_hg19
chr9,22115590,22115590,rs1004638,22115589
chr9,22081398,22081398,rs10116277,22081397
chr9,22121350,22121350,rs10217586,22121349
chr9,22112600,22112600,rs10511701,22112599
chr9,22114470,22114470,rs10733376,22114469
chr9,22088091,22088091,rs10738606,22088090
chr9,22088095,22088095,rs10738607,22088094
chr9,22094797,22094797,rs10738608,22094796
chr9,22114496,22114496,rs10738609,22114495
chr9,22123767,22123767,rs10738610,22123766
chr9,22088261,22088261,rs10757272,22088260
chr9,22096056,22096056,rs10757274,22096055
chr9,22106226,22106226,rs10757275,22106225
chr9,22124451,22124451,rs10757277,22124450
chr9,22124478,22124478,rs10757278,22124477
chr9,22124631,22124631,rs10757279,22124630
chr9,22124473,22124473,rs10811656,22124472
chr9,22103814,22103814,rs1333042,22103813
chr9,22106732,22106732,rs1333043,22106731
chr9,22124124,22124124,rs1333046,22124123
chr9,22124505,22124505,rs1333047,22124504
chr9,22125348,22125348,rs1333048,22125347
chr9,22125504,22125504,rs1333049,22125503
chr9,22092925,22092925,rs141014318,22092924
chr9,22110132,22110132,rs1412834,22110131
chr9,22111586,22111586,rs148322588,22111585
chr9,22084311,22084311,rs1537370,22084310
chr9,22099569,22099569,rs1537371,22099568
chr9,22103342,22103342,rs1537373,22103341
chr9,22116047,22116047,rs1537374,22116046
chr9,22116072,22116072,rs1537375,22116071
chr9,22116221,22116221,rs1537376,22116220
chr9,22100177,22100177,rs1556516,22100176
chr9,22085599,22085599,rs1970112,22085598
chr9,22092258,22092258,rs2210538,22092257
chr9,22115027,22115027,rs2383206,22115026
chr9,22115960,22115960,rs2383207,22115959
chr9,22098620,22098620,rs2891168,22098619
chr9,22098575,22098575,rs4977574,22098574
chr9,22124745,22124745,rs4977575,22124744
chr9,22094331,22094331,rs4977757,22094330
chr9,22081851,22081851,rs6475606,22081850
chr9,22106272,22106272,rs6475609,22106271
chr9,22112242,22112242,rs7341786,22112241
chr9,22112428,22112428,rs7341791,22112427
chr9,22124141,22124141,rs7857118,22124140
chr9,22105928,22105928,rs7859362,22105927
chr9,22102166,22102166,rs7859727,22102165
chr9,22115287,22115287,rs944797,22115286
chr9,22090604,22090604,rs9644860,22090603